{
  "generatedBy": "Microsoft.NET.Sdk.Functions-3.1.1",
  "configurationSource": "attributes",
  "bindings": [
    {
      "type": "eventHubTrigger",
      "connection": "EventHubConnection",
      "consumerGroup": "%EventHubConsumerGroup%",
      "eventHubName": "%EventHubName%",
      "name": "messages"
    },
    {
      "type": "queue",
      "connection": "DeadLetterStorage",
      "queueName": "deadletterqueue",
      "name": "deadLetterMessages"
    }
  ],
  "disabled": false,
  "scriptFile": "../bin/DroneTelemetryFunctionApp.dll",
  "entryPoint": "DroneTelemetryFunctionApp.RawTelemetryFunction.RunAsync"
}